month_period,net_sales,previous_month_sales,sales_growth_percent
2023-09,151135.5915,,
2023-10,262502.821,151135.5915,73.68696439713209
2023-11,240286.9165,262502.821,-8.463110764055372
2023-12,255617.11,240286.9165,6.379953483651281
2024-01,217766.0895,255617.11,-14.807702230887434
2024-02,228014.067,217766.0895,4.705956525889678
2024-03,248176.248,228014.067,8.842516282120428
2024-04,265596.6385,248176.248,7.0193625056335005
2024-05,264875.2005,265596.6385,-0.27162919081900344
2024-06,234155.362,264875.2005,-11.597853797566069
2024-07,253369.4105,234155.362,8.205683754532174
2024-08,212613.221,253369.4105,-16.085678780075153
2024-09,218873.9735,212613.221,2.944667537866802
2024-10,258931.3245,218873.9735,18.301559732957468
2024-11,250572.036,258931.3245,-3.228380543042406
2024-12,278154.1855,250572.036,11.007672659849414
2025-01,224390.1765,278154.1855,-19.328851335943682
2025-02,215338.1335,224390.1765,-4.034063853058204
2025-03,239346.7625,215338.1335,11.149269574215946
2025-04,263023.9725,239346.7625,9.892429608275968
2025-05,248527.3485,263023.9725,-5.511521958326434
2025-06,248776.357,248527.3485,0.10019360102737196
2025-07,249593.4875,248776.357,0.32845987048520026
2025-08,243808.4,249593.4875,-2.3178038649746395
2025-09,91848.18,243808.4,-62.327721276215264
