order_date,net_sales,sales_type
2023-09-01,151135.5915,Historical
2023-10-01,262502.821,Historical
2023-11-01,240286.9165,Historical
2023-12-01,255617.11,Historical
2024-01-01,217766.0895,Historical
2024-02-01,228014.067,Historical
2024-03-01,248176.248,Historical
2024-04-01,265596.6385,Historical
2024-05-01,264875.2005,Historical
2024-06-01,234155.362,Historical
2024-07-01,253369.4105,Historical
2024-08-01,212613.221,Historical
2024-09-01,218873.9735,Historical
2024-10-01,258931.3245,Historical
2024-11-01,250572.036,Historical
2024-12-01,278154.1855,Historical
2025-01-01,224390.1765,Historical
2025-02-01,215338.1335,Historical
2025-03-01,239346.7625,Historical
2025-04-01,263023.9725,Historical
2025-05-01,248527.3485,Historical
2025-06-01,248776.357,Historical
2025-07-01,249593.4875,Historical
2025-08-01,243808.4,Historical
2025-09-01,261188.70720921337,Forecast
2025-10-01,233067.50780649993,Forecast
2025-11-01,261665.31924534618,Forecast
2025-12-01,233067.50780649993,Forecast
2026-01-01,240870.51998768563,Forecast
2026-02-01,235622.56674215768,Forecast
