order_date,net_sales
2023-09-01,151135.5915
2023-10-01,262502.821
2023-11-01,240286.9165
2023-12-01,255617.11
2024-01-01,217766.0895
2024-02-01,228014.067
2024-03-01,248176.248
2024-04-01,265596.6385
2024-05-01,264875.2005
2024-06-01,234155.362
2024-07-01,253369.4105
2024-08-01,212613.221
2024-09-01,218873.9735
2024-10-01,258931.3245
2024-11-01,250572.036
2024-12-01,278154.1855
2025-01-01,224390.1765
2025-02-01,215338.1335
2025-03-01,239346.7625
2025-04-01,263023.9725
2025-05-01,248527.3485
2025-06-01,248776.357
2025-07-01,249593.4875
2025-08-01,243808.4
2025-09-01,91848.18
